{"cameraMode":{"drawMode":0,"name":"Shaded","section":"Shading Mode"},"sceneLighting":true,"audioPlay":false,"sceneViewState":{"m_AlwaysRefresh":false,"showFog":true,"showSkybox":true,"showFlares":true,"showImageEffects":true,"showParticleSystems":true,"showVisualEffectGraphs":true,"m_FxEnabled":true},"in2DMode":false,"pivot":{"x":31.19469451904297,"y":13.879384994506836,"z":-54.784027099609378},"rotation":{"x":-0.05867369845509529,"y":-0.057453542947769168,"z":0.0033279983326792719,"w":-0.9965134859085083},"size":5.758651256561279,"orthographic":false}