{"cameraMode":{"drawMode":0,"name":"Shaded","section":"Shading Mode"},"sceneLighting":true,"audioPlay":false,"sceneViewState":{"m_AlwaysRefresh":false,"showFog":true,"showSkybox":true,"showFlares":true,"showImageEffects":true,"showParticleSystems":true,"showVisualEffectGraphs":true,"m_FxEnabled":true},"in2DMode":false,"pivot":{"x":4.370543003082275,"y":15.852733612060547,"z":-51.492740631103519},"rotation":{"x":-0.06923777610063553,"y":-0.015551742166280747,"z":0.0010240116389468313,"w":-0.9973752498626709},"size":6.288591384887695,"orthographic":false}