{"cameraMode":{"drawMode":0,"name":"Shaded","section":"Shading Mode"},"sceneLighting":true,"audioPlay":false,"sceneViewState":{"m_AlwaysRefresh":false,"showFog":true,"showSkybox":true,"showFlares":true,"showImageEffects":true,"showParticleSystems":true,"showVisualEffectGraphs":true,"m_FxEnabled":true},"in2DMode":false,"pivot":{"x":34.14885330200195,"y":17.049741744995118,"z":-75.32394409179688},"rotation":{"x":0.010097349993884564,"y":-0.13069145381450654,"z":-0.0013784129405394197,"w":-0.9912654757499695},"size":5.758651256561279,"orthographic":false}