{"cameraMode":{"drawMode":0,"name":"Shaded","section":"Shading Mode"},"sceneLighting":true,"audioPlay":false,"sceneViewState":{"m_AlwaysRefresh":false,"showFog":true,"showSkybox":true,"showFlares":true,"showImageEffects":true,"showParticleSystems":true,"showVisualEffectGraphs":true,"m_FxEnabled":true},"in2DMode":false,"pivot":{"x":54.64546203613281,"y":-2.826472759246826,"z":-3.966980218887329},"rotation":{"x":-0.10135425627231598,"y":0.20527398586273194,"z":-0.021507591009140016,"w":-0.9731003046035767},"size":3.0102832317352297,"orthographic":false}