{"cameraMode":{"drawMode":0,"name":"Shaded","section":"Shading Mode"},"sceneLighting":false,"audioPlay":false,"sceneViewState":{"m_AlwaysRefresh":false,"showFog":true,"showSkybox":false,"showFlares":true,"showImageEffects":true,"showParticleSystems":true,"showVisualEffectGraphs":true,"m_FxEnabled":true},"in2DMode":false,"pivot":{"x":48.12990951538086,"y":-3.7829067707061769,"z":1.3343391418457032},"rotation":{"x":0.040661465376615527,"y":-0.0805337205529213,"z":0.003320518648251891,"w":0.9958979487419128},"size":20.419355392456056,"orthographic":false}